{"observed_modularity": 0.09644224400315662, "null_distribution": [0.049951176171903894, 0.05465106946496892, 0.056021910221741494, 0.0519407274422633, 0.05503313775076055, 0.05002142572242731, 0.055093366930650256, 0.049890850801995845, 0.050694684494295233, 0.04923094364614061, 0.060163227950058545, 0.060973718106388325, 0.032233951311375145, 0.04696076300189894, 0.044960654203655026, 0.0558858568430718, 0.05833621745509652, 0.04706410966881777, 0.05114697468995391, 0.051406540488807745, 0.05565832771909707, 0.05435139496959094, 0.05653009992625524, 0.05225803533776818, 0.05664003979617652, 0.03231086721995213, 0.05261854259944021, 0.053531329363978725, 0.05390890343822663, 0.0563843049053728, 0.04831894499226129, 0.05933578979496773, 0.05444135447810153, 0.05471082765485738, 0.05708185220991402, 0.04771317411245793, 0.048367219256419375, 0.057773559406339076, 0.0494394229709524, 0.05890590286328229, 0.054357854526789595, 0.048351406202778, 0.05328159186144263, 0.052662590957353345, 0.0544552159036687, 0.04932312542697234, 0.057224878024244225, 0.05184417693808829, 0.05560647045231029, 0.048473519559692355, 0.05512214588630371, 0.0486000491625275, 0.04670018720031943, 0.04734943432387603, 0.054077159891567646, 0.06318725408563325, 0.05013933541175197, 0.049779484300612575, 0.05540406318868546, 0.048518242205833284, 0.047384160845871576, 0.05115185651658827, 0.04892189936629007, 0.0300998091198017, 0.05242801785310658, 0.0539458330429958, 0.04993722289743993, 0.04364523703137768, 0.04915193811855659, 0.05487031623156216, 0.05642917264955081, 0.05202008650741888, 0.05327032074802954, 0.04534481215325058, 0.04621259187297652, 0.051526506725138116, 0.05274774552286221, 0.05161507804134968, 0.05101525421410416, 0.052979906093463106, 0.04389710169059727, 0.04887731055808131, 0.04784614080886593, 0.04967528715544303, 0.048500523192033324, 0.04695489224946983, 0.05359490611148543, 0.05444987455495656, 0.05279984844654487, 0.05366736392219275, 0.04379384569168456, 0.05473525236563445, 0.05281151036932685, 0.04597840725355254, 0.05198142742120794, 0.05227604289500823, 0.05379061376457896, 0.05270443585557785, 0.04782648184225616, 0.05340391239333045], "p_value": 0.0, "time_bin": 70.0, "significant": true}